[{"sidebar":["text-1","socials-widget-1","category_posts-widget-1","categories-2","aptfinbytap_domain-1","search-2","text-2","facebook_widget-1","tag_cloud-1","recent_posts-widget-1","tp_widget_recent_tweets-2","text-5","text-6"],"footer1":["text-3"],"footer2":["text-4"]},{"text":{"1":{"title":"About me","text":"<img src = \"http:\/\/brixton.premiumcoding.com\/wp-content\/uploads\/2015\/02\/brixton-avatar.jpg\"><\/img>\r\n\r\nHello, my name is <b>Brixton.<\/b> I am a blogger living in New York. This is my blog, where I post my photos, fashion trends and tips about the fashion world. Never miss out on new stuff.","filter":false},"2":{"title":"Advertising section","text":"<a href = \"http:\/\/zara.premiumcoding.com\/\"><img src = \"http:\/\/zara.premiumcoding.com\/wp-content\/uploads\/2015\/01\/zara-banner-ad.jpg\"><\/img><\/a>","filter":false},"5":{"title":"Advertising 125x125","text":"<a href = \"http:\/\/brixton.premiumcoding.com\/brixtonblog\"><img src = \"http:\/\/brixton.premiumcoding.com\/brixtonblog\/wp-content\/uploads\/2015\/02\/brixton-banner-ad-125.png\"><\/img><\/a>    &nbsp;  <a href = \"http:\/\/brixton.premiumcoding.com\/brixtonblog\"><img src = \"http:\/\/brixton.premiumcoding.com\/brixtonblog\/wp-content\/uploads\/2015\/02\/brixton-banner-ad-125.png\"><\/img><\/a><a href = \"http:\/\/brixton.premiumcoding.com\/brixtonblog\"><img src = \"http:\/\/brixton.premiumcoding.com\/brixtonblog\/wp-content\/uploads\/2015\/02\/brixton-banner-ad-125.png\"><\/img><\/a>  &nbsp;    <a href = \"http:\/\/brixton.premiumcoding.com\/brixtonblog\"><img src = \"http:\/\/brixton.premiumcoding.com\/brixtonblog\/wp-content\/uploads\/2015\/02\/brixton-banner-ad-125.png\"><\/img><\/a>\r\n\r\n","filter":false},"6":{"title":"Purchase the Theme","text":"If you come all the way down here, you probably like our <b>Brixton theme<\/b>. To help you find where you can buy it, we prepared a solution for that also. Simply click the button below. \r\n<\/br><\/br>\r\n<div class = \"sidebar-buy-button\"><a href = \"http:\/\/themeforest.net\/item\/brixton-minimal-personal-wordpress-blog-theme\/10309865?ref=pmcrokr\">Purchase Brixton<\/a><\/div>","filter":false},"3":{"title":"","text":" ","filter":false},"4":{"title":"","text":"<br>\r\n<a href = \"http:\/\/brixton.premiumcoding.com\/\"><img src = \"http:\/\/brixton.premiumcoding.com\/wp-content\/uploads\/2015\/02\/brixton-footer-logo.png\"><\/a>","filter":false},"_multiwidget":1},"socials-widget":{"1":{"title":""},"_multiwidget":1},"category_posts-widget":{"1":{"title":"Popular Posts","number":"4"},"_multiwidget":1},"categories":{"2":{"title":"","count":0,"hierarchical":0,"dropdown":0},"_multiwidget":1},"aptfinbytap_domain":{"1":{"widget_title":"Our Instagram Feed","instagram_user_id":"brixtonlounge","instagram_source":"user_recent","instagram_tag":"","instagram_image_link_option":"instagram","custom_link_url":"","style_option":"cascade","style_photo_per_row":2,"style_column_number":"2","style_gallery_ratio_width":"800","style_gallery_ratio_height":"600","instagram_photo_size":"Th","instagram_photo_number":6,"widget_alignment":"center","widget_max_width":"100","widget_disable_credit_link":true},"_multiwidget":1},"search":{"2":{"title":""},"_multiwidget":1},"facebook_widget":{"1":{"show_faces":1,"data_stream":0,"show_header":0,"show_border":"No","title":"Like us on Facebook","app_id":"503595753002055","fb_url":"https:\/\/www.facebook.com\/PremiumCoding","width":"285","height":"350","color_scheme":"light","custom_css":".phm {display:none;}","select_lng":"en_US"},"_multiwidget":1},"tag_cloud":{"1":{"title":"","taxonomy":"post_tag"},"_multiwidget":1},"recent_posts-widget":{"1":{"title":"Recent Posts","number":"4"},"_multiwidget":1},"tp_widget_recent_tweets":{"2":{"title":"Latest Tweets","consumerkey":"lUNaMDwXySeHXnzfdaAq6Fk9c","consumersecret":"jAZVdMqTCipUijJBYUqBFtan2VUgfH7gJ1INZqX8Fq3NuDeNIO","accesstoken":"346440357-rXzzJ9HYF8jnH5KPYKusNcIFRA5fYkY031VigZQ1","accesstokensecret":"dQje4E7TkyKVxsy7TZhWBfnZwyGCLM8qiHwTPwrtQDxGY","cachetime":"4","username":"premiumcoding","tweetstoshow":"3","excludereplies":"true"},"_multiwidget":1}}]